VQIVYK,Yes
IIGLMV,Yes
KSHPET,No
SGDGSL,No
EIPAGV,No
DAVKIS,No
ETYVVT,No
TYSFYC,No
YTVIIE,Yes
WTVIIE,Yes
VTVIIE,Yes
TTVIIE,Yes
SYVIIE,Yes
SVVIIE,Yes
STVYIE,Yes
STVWIE,Yes
STVTIE,Yes
STVNIE,Yes
STVLIE,Yes
STVIYE,Yes
STVIIY,Yes
STVIIW,Yes
STVIIV,Yes
STVIIT,Yes
STVIIS,Yes
STVIIQ,Yes
STVIIN,Yes
STVIIM,Yes
STVIIL,Yes
STVIII,Yes
STVIIF,Yes
STVIIE,Yes
STVIID,Yes
STVIIA,Yes
STVIFE,Yes
STVFIE,Yes
STVEIE,Yes
STSIIE,Yes
STQIIE,Yes
STNIIE,Yes
STLIIE,Yes
STFIIE,Yes
STEIIE,Yes
SSVIIE,Yes
SQVIIE,Yes
SNVIIE,Yes
SMVIIE,Yes
SLVIIE,Yes
SIVIIE,Yes
SGVIIE,Yes
SFVIIE,Yes
SEVIIE,Yes
SDVIIE,Yes
SAVIIE,Yes
QTVIIE,Yes
NTVIIE,Yes
MTVIIE,Yes
LTVIIE,Yes
ITVIIE,Yes
GTVIIE,Yes
FTVIIE,Yes
ETVIIE,Yes
DTVIIE,Yes
ATVIIE,Yes
SWVIIE,No
STYIIE,No
STVVIE,No
STVSIE,No
STVQIE,No
STVPIE,No
STVMIE,No
STVIWE,No
STVIVE,No
STVITE,No
STVISE,No
STVIQE,No
STVIPE,No
STVINE,No
STVIME,No
STVILE,No
STVIIP,No
STVIGE,No
STVIEE,No
STVIDE,No
STVIAE,No
STVGIE,No
STVDIE,No
STVAIE,No
STTIIE,No
STPIIE,No
STMIIE,No
STIIIE,No
STGIIE,No
STDIIE,No
STAIIE,No
SPVIIE,No
PTVIIE,No
KTVLIE,No
KTVIYE,No
KTVIVE,No
KTVIIT,No
KTVIIE,No
NFGAIL,Yes
FLVHSS,Yes
NLGPVL,No
LIAGFN,No
NHVTLS,Yes
LLYYTE,Yes
KIVKWD,Yes
KDWSFY,Yes
FYLLYY,Yes
YYTEFT,No
YVSGFH,No
WSFYLL,No
VYSRHP,No
VTLSQP,No
VKWDRD,No
TEFTPT,No
SRHPAE,No
SGFHPS,No
SDLSFS,No
RVNHVT,No
RTPKIQ,No
QPKIVK,No
PTEKDE,No
PSDIEV,No
PKIQVY,No
NGKSNF,No
NGERIE,No
LSQPKI,No
LSFSKD,No
LKNGER,No
KWDRDM,No
KVEHSD,No
KSNFLN,No
IQVYSR,No
IQRTPK,No
IEKVEH,No
HPAENG,No
FTPTEK,No
FSKDWS,No
FHPSDI,No
EVDLLK,No
ERIEKV,No
EKDEYA,No
EHSDLS,No
DLLKNG,No
DIEVDL,No
AENGKS,No
VEALYL,Yes
LYQLEN,Yes
LVEALY,Yes
YQLENY,No
SLYQLE,No
SHLVEA,No
RGFFYT,No
HLVEAL,No
GSHLVE,No
GFFYTP,No
GERGFF,No
FYTPKT,No
FVNQHL,No
FFYTPK,No
ERGFFY,No
EALYLV,No
FDTAST,Yes
AAAQAA,No
AAELRN,No
AAIDWF,No
AAIGWG,No
AALQSS,No
AAPKPK,No
AAQAAL,No
AARRFF,No
AAVDQT,No
ACGVIG,No
ADVGQG,No
ADVSIE,No
AEKLFD,No
AEMEYL,No
AESDKK,No
AETKEP,No
AEVLAL,No
AFSINP,No
AGFQPQ,No
AGGYYQ,No
AGSGSG,No
AGVNYF,Yes
AGYQQQ,No
AIDWFD,No
AIGWGS,No
AILSST,Yes
AINKIQ,No
AISNNN,No
AIVAGD,Yes
AIVAGS,Yes
AIVAGT,Yes
ALALQT,No
ALEEYT,Yes
ALQSSW,No
ALQTDA,No
AMMAAA,No
AMNITN,No
ANATKK,No
ANNNSN,No
ANNYSS,No
APKPKK,No
AQAALQ,No
AQAQPA,No
 transcription factor 1,Untitled
AQPAGG,No
ASNAGS,No
ASQQNQ,No
ASRQNQ,No
ASSSNY,Yes
ATAHQY,No
ATKKVD,No
ATLDQW,No
ATTRTV,No
ATVSFD,No
AVDQTA,No
AVTTGV,No
AYNAQA,No
CGVIGI,Yes
CPSGNN,No
DADLYL,No
DAGYQQ,No
DCVNIT,Yes
DDSLFF,No
DECFFF,No
DENNTF,No
DETVIV,No
DHCIIG,Yes
DHCIIW,Yes
DILTYT,No
DKKEEE,No
DLTITQ,No
DLTQRG,No
DNNTIF,No
DQTASN,No
DQWNGK,No
DSNQGN,No
DSVISL,Yes
DTKPAE,No
DVGQGS,No
DVNRNG,No
DVSIED,No
EATVSF,No
ECFFFE,No
EDSVIS,No
EECLFL,No
EEEKSA,No
EEKKEE,No
EEKPVQ,No
EEKSAE,No
EEKSEL,No
EEPVKK,No
EGVLYV,Yes
EKKEEK,No
EKNLYL,No
EKPVQT,No
EKSAET,No
EKSELP,No
ELNIYQ,No
ELPKVE,No
EMTVKQ,No
EPTKVE,No
EPTREP,No
EPVKKE,No
ESDKKE,No
ESNTNN,No
ETKEPT,No
ETVIVI,No
ETWFFG,No
EVTTGV,No
EYLKIA,No
EYSNFS,Yes
FAIRHF,Yes
FERQHM,No
FESNFN,Yes
FFNLNN,No
FFWRFM,No
FGAFSI,No
FGELFE,No
FGGGNG,No
FGNNAT,No
FGNQSG,No
FGNSAT,No
FGNSRG,No
FGTFSI,No
FINYTN,No
FKQIGI,No
FLKYFT,No
FMFFII,No
FMFNDL,No
FMSNDL,No
FNKFGG,No
FNPQGG,No
FNYNNN,No
FQKQQK,No
FQPQSQ,No
FSINPA,Yes
FSNATN,No
FTFIQF,Yes
GAAIGW,No
GAAVDQ,No
GADVGQ,No
GAFSIN,No
GAITIG,Yes
GDHCII,Yes
GEATVS,No
GEWTYD,Yes
GFFNLQ,No
GFFQQQ,Yes
GFGNNA,No
GFGNQS,No
GFGNSA,No
GFGNSR,No
GFNKFG,No
GFNNSA,No
GFNNTP,No
GFPGSF,No
GFQPQS,No
GFSGSF,No
GFSNNN,No
GGFGNQ,No
GGFNKF,No
GGGGNH,No
GGGGNN,No
GGGMNF,No
GGGNGA,No
GGGNHG,No
GGGNNS,Yes
GGGNSA,No
GGMNFG,No
GGNGAA,No
GGNGAD,No
GGNHGG,No
GGNNSG,No
GGNSAL,No
GGQQQS,No
GGRGNY,No
GGVVIA,Yes
GGYQQQ,No
GGYQQY,No
GGYYQN,No
GIIKTN,No
GIKLAN,No
GIVIVA,Yes
GKQAYQ,No
GKQGYQ,No
GLFINM,Yes
GLLLWQ,No
GMFNIQ,No
GMLASQ,No
GMLASR,No
GMMGML,Yes
GMNFGA,No
GMNFGT,No
GMSLND,No
GNFNNL,Yes
GNGAAV,No
GNGADV,No
GNHGGG,No
GNNATA,No
GNNQQN,No
GNNRYQ,No
GNNSGP,No
GNNSYS,No
GNQSGF,No
GNSALA,No
GNSATL,No
GNYKNF,No
GQGSDD,No
GQNNTQ,No
GQQNQY,No
GQQQSY,No
GQQSYS,No
GQSSYS,No
GRIGIA,No
GSASNA,No
GSGFNG,No
GSGSGF,No
GSNNTF,No
GSNSGA,No
GTFFIN,Yes
GTFFIT,Yes
GTFFQE,No
GTFNII,Yes
GTFSIN,No
GTVLFM,Yes
GVFNNQ,No
GVIGIA,Yes
GVIWIA,Yes
GVNNNN,No
GVNYFL,Yes
GVPGIA,No
GVTIIT,No
GVVPQY,No
GVVVVT,No
GWGSAS,No
GYFILQ,Yes
GYFLNF,Yes
GYFLNM,Yes
GYGQSS,No
GYMLGS,Yes
GYQAGF,No
GYQAYN,No
GYQQGG,No
GYQQQF,No
GYQQQY,No
GYSGYQ,No
GYVLGS,Yes
GYYQNY,No
HAFLII,No
HFVWIA,Yes
HGFNQQ,Yes
HGGGGN,No
HGGGNG,No
HGWLIM,Yes
HIFIIM,No
HIFLLC,Yes
HKALFW,No
Untitled,HLFNLT
HLVYIM,Yes
HNNNNN,No
HNNNSQ,No
HNSVNF,No
HNTNNA,No
HQFNLN,Yes
HQLIIM,Yes
HSSNNF,Yes
HTAVTT,No
HTFNLL,Yes
HTVIIE,Yes
HWQNFA,No
HWRNFA,No
HYFNIF,Yes
ICSLYQ,No
IDLTQR,No
IEDSVI,No
IEMIFV,Yes
IFDFIQ,Yes
IFNYNN,No
IGIIKT,No
IGNNSI,No
IGRTLV,No
IGRTLW,No
IGWGSA,No
IHKAQN,No
IIHFGS,Yes
IINFEQ,No
IINFIT,Yes
IIPFEQ,No
IITVTN,No
IKLANA,No
ILENIS,No
ILGSNN,No
ILVAGD,Yes
ILVAGS,Yes
INLYTD,No
INNMTN,No
INNVSN,No
INPAMM,No
IQNNSN,No
ISFLIF,Yes
ISLSGD,No
ISMTTS,No
ITQHGG,No
ITVTND,No
IVATTR,Yes
IVIRTP,No
IVIVAT,No
IVYSCE,Yes
IVYSWE,Yes
IYFNVQ,No
IYQYGG,No
KAAIDW,No
KAFIIQ,No
KAILFL,No
KECLIN,No
KEEEKS,No
KEEKPV,No
KEEKSE,No
KENIIF,No
KEPTRE,No
KGENFT,No
KHIIVA,Yes
KKEEEK,No
KKEEKP,No
KKEEKS,No
KKTLKL,No
KKVDTK,No
KLANAT,No
KLFIIQ,Yes
KLFIQF,Yes
KLLEIA,No
KLLIYE,Yes
KLVFFA,Yes
KLVSSS,No
KMFFIQ,No
KPAESD,No
KPKKTL,No
KPVQTE,No
KQAAPK,No
KQFGGG,No
KQIGII,Yes
KQQKQA,No
KSAETK,No
KSELPK,No
KTLKLV,No
KVDTKP,No
KVEDLK,No
KVEEPV,No
KVQIIN,Yes
KYLNWD,No
KYNNTG,No
LAEAIG,No
LALQTD,No
LANATK,No
LANFLV,Yes
LASQQN,No
LASRQN,No
LAVAGD,Yes
LAVLFL,Yes
LDGFSR,No
LDGSSR,No
LDQWNG,No
LEFWLQ,Yes
LFMFND,No
LFMSND,No
LFNNST,No
LGNNSN,No
LIFLIV,Yes
LINNSV,No
LIVAAD,Yes
LIVAGD,Yes
LIVAGE,Yes
LIVAGK,Yes
LIVAGS,Yes
LIVAGT,Yes
LKLVSS,No
LLFCHI,No
LLFYHI,No
LLGPTI,No
LLNKTN,No
LLVPTI,No
LMNTTN,No
LMSLFG,No
LNDFQK,No
LNIYQY,No
LNNITA,No
LPKVED,No
LQGYQA,No
LQNVSN,No
LQSSWG,No
LQTDAR,No
LSGDHC,No
LTFIQV,No
LTITQH,No
LTQRGF,No
LVFYQQ,Yes
LVSSSG,No
MAAAQA,No
MERLRI,No
MEWLRI,No
MGGGMN,No
MGMLAS,No
MGNNTV,No
MIENIQ,Yes
MIHFGN,Yes
MINLYT,No
MLASQQ,No
MLASRQ,No
MLVLFV,Yes
MMAAAQ,No
MMGMLA,No
MMHFGN,Yes
MNFGAF,No
MNFGTF,No
MSDSNQ,No
MSLNDF,No
MTFIQN,Yes
MTVKQF,No
MVGGVV,Yes
MYFFIF,No
MYWIIF,No
NAGSGS,No
NANASS,No
NANTSN,No
NAQAQP,No
NATAHQ,No
NATKKV,No
NDFQKQ,No
NDNNNN,No
NDNNSN,No
NENGNA,No
NFFIQS,No
NFFWLL,No
NFGAFS,No
NFGSVQ,Yes
NFGTFS,No
NFLVHS,Yes
NFNNGN,No
NFNYNN,No
NGAAVD,No
NGADVG,No
NGIVIV,No
NGNLSN,No
NGNLTS,No
NGNNSN,No
NGNQNR,No
NGNQQQ,No
NHGGGG,No
Untitled,NIDQSF
NIFNFT,Yes
NIFNIT,Yes
NIFWVQ,Yes
NIGNNS,No
Untitled,NIGQSF
NINFFT,Yes
NINFIT,Yes
NININV,No
NINKSN,Yes
NINNNN,No
NINNSI,No
NINNST,No
NIQYQF,No
NISNNN,No
NIVLIM,No
NIYQYG,No
NKFGGP,No
NLFYQL,Yes
NLQGYQ,No
NLYTDR,No
NMGGGM,No
NMNMNL,No
NNATAH,No
NNGGNN,No
NNLQGY,No
NNNGNQ,No
NNNISN,No
NNNISV,No
NNNKNN,No
NNNLQG,No
NNNNNE,No
NNNNSN,No
NNNNTN,No
NNNRGG,No
NNNSSS,No
NNNWSL,Yes
NNQNTF,Yes
NNRYQG,No
NNSGPN,Yes
NNSYSG,No
NNTIFV,No
NPAMMA,No
NPDAGY,No
NPQGGR,No
NPQGGY,No
NQFIIS,Yes
NQFNLM,Yes
NQGNNQ,No
NQGYNT,No
NQNMNN,No
NQNNFV,Yes
NQQNQY,Yes
NQQNYQ,No
NQQQGN,No
NQSCPS,No
NQSGFG,No
NQYNSS,No
NRYQGY,No
NSALAL,No
NSATLD,No
NSGAAI,No
NSNINQ,No
NSNLTA,No
NSNNSN,No
NSNSSN,No
NSNTNT,No
NSNTTK,No
NSNYTQ,No
NSSFNG,No
NSYSGS,No
NTIFVQ,No
NTNNTS,No
NVAMHV,No
NVAVHV,No
NVNFSN,No
NVTQVG,No
NYCNFV,Yes
NYFAIR,No
NYKNFN,No
NYNNNL,No
NYNNSG,No
NYNNSS,No
NYNTYR,No
NYQGYS,No
NYQQYS,No
NYVWIV,Yes
PAESDK,No
PAGGYY,No
PAMMAA,No
PDAGYQ,No
PGGFGN,No
PKKTLK,No
PKPKKT,No
PKVEDL,No
PMINLY,No
PNGITL,No
PNSANS,No
PNVITL,No
PQGGRG,No
PQGGYQ,No
PQSQGM,No
PQYGGG,No
PSGNNQ,No
PTKVEE,No
PTREPT,No
PVKKEE,No
PVQTEE,No
PYGQQS,No
QAALQS,No
QAAPKP,No
QAGFQP,No
QANKHI,Yes
QAQNQW,No
QAQPAG,No
QAYNAQ,No
QEMRHF,Yes
QFFLQF,Yes
QFGGGN,No
QFNPQG,No
QGFNNQ,No
QGGRGN,No
QGGYQQ,No
QGMSLN,No
QGNNQQ,No
QGNNRY,No
QGYQAG,No
QGYQAY,No
QGYSGY,No
QHGGGN,No
QIGIIK,No
Untitled,QILLWS
QKQAAP,No
QKQQKQ,No
QLENYC,Yes
QLFINF,Yes
Untitled,QLFINN
QLFLQI,Yes
QNGNQQ,No
QNLLWQ,Yes
QNQSCP,No
QNQSGP,No
QNQYNS,No
QNSLNM,No
QNYQGY,No
QNYQQY,No
QPAGGY,No
QPMINL,No
QPQSQG,No
QQFNPQ,No
QQGGYQ,No
QQGNNR,No
QQKQAA,No
QQNQSC,No
QQNQSG,No
QQNQYN,No
QQNTSF,No
QQNYQQ,No
QQNYSK,No
QQQFNP,No
QQQGNN,No
QQQSYG,No
QQQSYN,No
QQQYNP,No
QQSYGQ,No
QQSYNP,No
QQSYSG,No
QQYNPD,No
QQYNPQ,No
QQYSQN,No
QRGFGN,No
QSCPSG,No
QSGFGN,No
QSQGMS,No
QSSWGM,No
QSSYSS,No
QSYGQQ,No
QSYNPP,No
QSYSGY,No
QTDARN,No
QTEEKK,No
QTFLVN,Yes
QTFNLF,No
QTNLYG,No
QVGFGN,No
QVVHIG,No
QVVPIG,No
QWNGKN,No
QYFEQF,Yes
QYGGGG,No
QYGGGN,No
QYGGNA,Yes
QYGGNN,Yes
QYNNSN,No
QYNPDA,No
QYNPQG,No
QYSQNG,No
REPTKV,No
RETWFF,No
RGFGNS,No
RGGFNK,No
RGNYKN,No
RIGIAQ,No
RLSNNI,No
RLVFID,No
RMFNII,No
RNLTKD,No
RQFNQT,No
RQNQSG,No
RQVLIF,Yes
RTVIIE,Yes
RVAFFE,No
RVFNIM,Yes
RVNNNA,No
RYQGYQ,No
SAETKE,No
SALALQ,Yes
SASNAG,No
SATLDQ,No
SCNNNN,No
SCPSGN,No
SDKKEE,No
SDLTIT,No
SDNNTI,No
SDSNQG,No
SELNIY,Yes
SELPKV,No
SEMTVK,No
SFFFIQ,Yes
SFLIFL,Yes
SFQIYA,Yes
SGAAIG,No
SGDHCI,No
SGFGNS,No
SGIKLA,No
SGSGFN,No
SGSNSG,No
SGYQQG,No
SHVIIE,No
SIDLTQ,No
SIEDSV,No
SINPAM,No
SKVIIE,No
SLNDFQ,No
SLSGDH,No
SMVLFS,Yes
SNAGSG,No
SNGIVI,No
SNMGGG,No
SNNFGA,No
SNNSNI,No
SNQGNN,No
SNQNNF,Yes
SNSGAA,No
SNTNNT,No
SQFYIT,Yes
SQGMSL,No
SQNGNQ,No
SQQNQS,No
SRQNQS,No
SRVIIE,No
SSGIKL,No
SSIDLT,No
SSNNFG,Yes
SSNNNS,No
SSSGIK,No
SSTNVG,Yes
SSTSAA,Yes
SSVNVT,No
SSWGMM,No
SSYSSY,No
STADWE,No
STFIFE,Yes
STFLIE,Yes
STFTFE,Yes
STFTIE,No
STHIIE,No
STKIIE,No
STLIFE,No
STLIYE,No
STLLIE,No
STLLYE,No
STLTFE,No
STLTIE,No
STMSIT,Yes
STNIFE,No
STNIYE,No
STNNTN,No
STNSNT,No
STNTFE,No
STNTIE,No
STQIFE,No
STQIYE,No
STRIIE,No
STTVVT,No
STVHIE,No
STVIHE,No
STVIIG,Yes
STVIIH,No
STVIIK,No
STVIIR,No
STVIKE,No
STVIKT,No
STVIRE,No
STVKIE,No
STVRIE,No
STVTFE,No
STWIFE,Yes
STWIIE,Yes
STWIYE,Yes
STWLIE,Yes
STWTFE,No
STWTIE,No
SVISLS,No
SVNVTQ,No
SWGMMG,No
SYLCDL,No
SYLYDL,No
SYNNNN,No
SYSGSN,No
SYSTMS,Yes
TAAHCF,No
TAELIT,No
TAVHCF,No
TAVTTG,No
TAWYAE,No
TDETVI,No
TEEKKE,No
TFQINS,Yes
TFSINP,No
TFWEIS,No
TGVTII,No
TGVVVV,No
TIITVT,Yes
TITQHG,No
TKEPTR,No
TKKVDT,No
TKPAES,No
TKVEEP,No
TLDQWN,No
TLKLVS,No
TLKNYI,No
TNELYM,No
TNNNTN,No
TQHGGG,No
TQRGFG,No
TQVGFG,No
TREPTK,No
TRNNTV,No
TTGVTI,No
TTGVVV,No
TTVVST,No
TTVVTT,No
TVFHIG,No
TVFPIG,No
TVIVIR,No
TVKQFG,No
TVVSTT,No
TYQIIR,No
TYVEYI,Yes
VAFNIT,Yes
VAMHVF,No
VANFIT,Yes
VANNST,No
VATTRT,No
VAVHVF,Yes
VAWLKM,No
VDQTAS,No
VDTKPA,No
VEDLKI,No
VEEPVK,No
VFFINQ,No
VFFNNT,Yes
VGFGNN,No
VGQGSD,No
VHNNSN,No
VIGIAQ,Yes
VILLIS,Yes
VISLSG,No
VIVATT,Yes
VIVIRT,No
VIWIAQ,No
VKKEEK,No
VKQFGG,No
VNNNNI,No
VNNNNN,No
VNVTQV,Yes
VNWCER,No
VNWYER,No
VPGIAQ,No
VPQYGG,No
VQFLQS,Yes
VQIINK,Yes
VQTEEK,No
VSFEIV,Yes
VSIEDS,No
VSNLSN,No
VSSSGI,No
VSTTVV,Yes
VTIITV,No
VTQEFW,No
VTQVGF,No
VTSTFS,Yes
VTTGVT,No
VTTGVV,No
VTTVVS,No
VVPQYG,No
VVSTTV,Yes
VVTSEE,No
VVVTSE,No
VVVVTS,No
VYSCEW,No
VYSWEW,No
WGMMGM,No
WGSASN,No
WIVIFF,Yes
WNFGTQ,No
WNFSTQ,No
WPNGIT,No
WPNVIT,Yes
WTFNLY,Yes
WVENYP,No
WVFWIG,Yes
WYFYIQ,No
YAELIV,Yes
YASEIE,No
YASNNN,No
YGGGGN,No
YGGGNS,No
YGQQNQ,No
YGQQQS,No
YGQQSY,No
YGQSSY,No
YIFNNC,Yes
YIFNNM,No
YKNFNY,No
YLEIII,No
YLFLQY,Yes
YLGNNS,No
YLLYYT,Yes
YLNWYQ,Yes
YNAQAQ,No
YNNNLQ,No
YNNTGS,No
YNNYNN,Yes
YNPDAG,No
YNPQGG,No
YQAGFQ,No
YQAYNA,No
YQGYQA,No
YQGYSG,No
YQLIWQ,Yes
YQNYQG,No
YQQGGY,No
YQQQFN,No
YQQYNP,No
YQQYSQ,No
YQYGGG,No
YSGSNS,No
YSGYQQ,No
YTFTIS,No
YTNISN,No
YVEYIG,Yes
YYNYNN,No
KVKVLG,Yes
GDVIEW,Yes
VSFLSA,Yes
VTSTFS,Yes
VTQEFW,Yes
GNVCIN,Yes
GNTCVN,Yes
IFQINS,Yes
VKIVYK,Yes
VKAVAK,Yes
NKGAII,Yes
NKGAIK,No
IKGAIK,Yes
KLVFFA,Yes
VTKVAK,No
